Train Region,Test Region,RMSE,MAE,R2,Degradation_%
A,B,12.173647017240606,9.468194997899616,0.07058786959221508,2490.0752144985063
