Train Region,Test Region,RMSE,MAE,R2,Degradation_%
A,B,12.422075811591654,9.569466148035543,0.03226760946129803,2549.2586330722384
