,mean_diff,var_ratio,kl_divergence
temperature,4.0607276242987057e-17,0.99999999,0.016691382472524736
humidity,1.961839033489311e-15,0.9999999900000004,0.008735045978488128
rainfall,-5.96419369818872e-17,0.9999999900000002,0.013296791781853692
evapotranspiration,2.639472955794157e-16,0.9999999900000006,4.223575209272541
soil_moisture,5.051375967643241e-15,0.9999999900000002,0.7752595688490069
