,RMSE,MAE,R2
noisy,0.38171039866973533,0.23297335643376346,0.8801869874274195
missing,0.4106495151344516,0.25732961538371957,0.8613312392572884
