,RMSE,MAE,R2
noisy,0.3777766272366346,0.24134577815118224,0.8826437630101456
missing,0.3975456849887911,0.2556154481543369,0.8700398830579484
