t_stat,p_value,recovery_RMSE_%,recovery_MAE_%
727.1450175543052,0.0,96.54522263963526,97.23890427932244
