t_stat,p_value,recovery_RMSE_%,recovery_MAE_%
986.7731482454129,0.0,96.85454281064523,97.46025874883838
