RMSE,MAE,R2
0.42915506282621363,0.2642221203050982,0.8485516708693221
