RMSE,MAE,R2
0.38291685531046815,0.24046765410207843,0.879428414223307
