Train Region,Test Region,RMSE,MAE,R2,Degradation_%
A,B,10.984849585261937,8.40091380208283,0.1523039934429028,3141.7876887373973
