,mean_diff,var_ratio,kl_divergence
temperature,-1.779534579721181e-16,0.9999999900000006,0.19303175710002304
humidity,-1.1630529574606292e-15,0.9999999900000006,0.04146244592201907
rainfall,6.991028706047496e-17,0.9999999900000004,0.13554403547136806
evapotranspiration,-1.779534579721181e-16,0.9999999900000002,3.397682204325915
soil_moisture,-6.991028706047498e-16,0.9999999899999997,1.624422375501487
