RF_degradation_%,LSTM_degradation_%,Recovery_RMSE_%,Recovery_MAE_%,t_stat,p_value
12510.24823234017,13310.369985445024,17.92028879122766,18.440475812659585,4985.018629647029,0.0
