,RMSE,MAE,R2
RF_in_domain_A,0.5513488289873658,0.14378994166899114,0.24588664589322973
RF_cross_B,69.52645596140752,68.60134228923509,-36.15578638349275
LSTM_in_domain_A,0.5285591438931481,0.14375720741038006,0.3069398962937404
LSTM_cross_B,70.8817367879719,69.94950591364902,-37.61846198330474
LSTM_cross_B_TL,58.17952485532948,57.05048419456769,-25.01756289355322
